source_relative	gb_code
28天经口毒性试验.md	15193.22-2014
体外哺乳细胞染色体畸变试验.md	15193.23-2014
生殖发育毒性试验.md	15193.25-2014
硬脂酸钾.md	31623-2014
辅食营养补充品.md	22570-2014
阿朴 胡萝卜素醛.md	1886.78-2016
食品中三氯蔗糖（蔗糖素）的测定.md	22255-2014
食品中丙烯酰胺的测定.md	5009.204-2014
食品中指示性多氯联苯含量的测定.md	5009.190-2014
食品中氨基甲酸乙酯的测定.md	5009.223-2014
食品中铬的测定.md	5009.123-2014
食品中锡的测定.md	5009.16-2016
食品中镉的测定.md	5009.15-2014
食品安全性毒理学评价中病理学检查技术要求.md	15193.24-2014
食品微生物学检验 β型溶血性链球菌检验.md	4789.11-2014
食品微生物学检验 空肠弯曲菌检验.md	4789.9-2014
食品微生物学检验 蜡样芽胞杆菌检验.md	4789.14-2014
食品添加剂 DL-苹果酸钠.md	30608-2014
食品添加剂 乙酸钠.md	30603-2014
食品添加剂 乙醇.md	30610-2014
食品添加剂 二氢茉莉酮酸甲酯.md	31622-2014
食品添加剂 决明胶.md	31619-2014
食品添加剂 天然胡萝卜素.md	31624-2014
食品添加剂 对羟基苯甲酸乙酯钠.md	30602-2014
食品添加剂 对羟基苯甲酸甲酯钠.md	30601-2014
食品添加剂 异丙醇.md	30611-2014
食品添加剂 杨梅红.md	31620-2015
食品添加剂 氢气.md	31633-2014
食品添加剂 氯化铵.md	31631-2014
食品添加剂 水杨酸苄酯.md	31626-2014
食品添加剂 珍珠岩.md	31634-2014
食品添加剂 竹叶抗氧化物.md	30606-2014
食品添加剂 聚丙烯酰胺.md	31629-2014
食品添加剂 聚乙烯醇.md	31630-2014
食品添加剂 聚二甲基硅氧烷及其乳液.md	30612-2014
食品添加剂 聚苯乙烯.md	31635-2014
食品添加剂 酶解大豆磷脂.md	30607-2014
食品添加剂 镍.md	31632-2014
食品添加剂 高岭土.md	31628-2014
食品用香精.md	30616-2014
食品经营过程卫生规范.md	31621-2014
食品营养强化剂 棉子糖.md	31618-2014
食品营养强化剂 酪蛋白磷酸肽.md	31617-2014
